Name,SSN,Date of Birth,Address,Phone,Email
Tomas Adeyemi,104-66-7643,1947-02-03,"3182 Ridgeview Dr, Tucson, AZ 85788",(429) 555-0127,tomas.adeyemi@example.com
Priya Haddad,528-79-6430,1954-05-13,"8095 Elm Ct, Austin, TX 78765",(484) 555-0192,priya.haddad@example.com
Caleb Mensah,279-64-9590,1960-04-06,"3043 Harbor Rd, Austin, TX 78797",(441) 555-0113,caleb.mensah@example.com
Tomas Chen,072-43-1420,1968-10-23,"7248 Elm Ct, Raleigh, NC 27615",(215) 555-0151,tomas.chen@example.com
Leah Lindqvist,224-67-3838,1967-06-06,"2725 Cedar St, Raleigh, NC 27610",(240) 555-0107,leah.lindqvist@example.com
Elena Lindqvist,745-25-3835,1982-01-26,"8523 Cedar St, Raleigh, NC 27681",(297) 555-0141,elena.lindqvist@example.com
Grace Whitfield,711-42-2157,1951-07-03,"3433 Ridgeview Dr, Raleigh, NC 27626",(443) 555-0102,grace.whitfield@example.com
Mei Delgado,577-45-3552,1986-11-27,"2409 Mill Ln, Austin, TX 78746",(306) 555-0145,mei.delgado@example.com
Caleb Albright,613-74-7019,1952-07-04,"4906 Cedar St, Columbus, OH 43296",(948) 555-0182,caleb.albright@example.com
Samir Kowalski,175-11-2949,1986-03-15,"3284 Ridgeview Dr, Austin, TX 78763",(742) 555-0100,samir.kowalski@example.com
Elena Okafor,640-02-2080,1968-01-17,"1542 Cedar St, Austin, TX 78724",(437) 555-0149,elena.okafor@example.com
Marcus Chen,678-12-0571,1987-12-05,"3432 Mill Ln, Raleigh, NC 27669",(890) 555-0166,marcus.chen@example.com
Marcus Whitfield,357-27-4570,1958-09-05,"9733 Cedar St, Columbus, OH 43240",(400) 555-0189,marcus.whitfield@example.com
Mei Mensah,453-08-0904,1984-12-09,"5440 Elm Ct, Columbus, OH 43280",(862) 555-0146,mei.mensah@example.com
Ruth Adeyemi,801-06-1415,1946-06-18,"5135 Maple Ave, Raleigh, NC 27683",(511) 555-0112,ruth.adeyemi@example.com
Avery Lindqvist,622-01-8962,1989-10-21,"7990 Ridgeview Dr, Raleigh, NC 27680",(420) 555-0169,avery.lindqvist@example.com
Hiro Okafor,524-04-0663,1975-02-06,"3934 Ridgeview Dr, Columbus, OH 43232",(268) 555-0118,hiro.okafor@example.com
Sofia Chen,315-43-7271,1945-10-18,"1408 Ridgeview Dr, Columbus, OH 43273",(939) 555-0102,sofia.chen@example.com
Daniel Okafor,149-26-8482,1957-12-06,"4181 Ridgeview Dr, Tucson, AZ 85732",(221) 555-0137,daniel.okafor@example.com
Avery Haddad,509-62-4664,1942-12-21,"953 Ridgeview Dr, Austin, TX 78741",(840) 555-0120,avery.haddad@example.com
Victor Fischer,412-75-1494,1986-08-05,"6117 Mill Ln, Tucson, AZ 85729",(719) 555-0162,victor.fischer@example.com
Elena Okafor,676-37-8048,1981-01-13,"9465 Ridgeview Dr, Columbus, OH 43291",(949) 555-0155,elena.okafor@example.com
Hiro Brennan,073-58-8912,1957-12-05,"382 Harbor Rd, Columbus, OH 43276",(250) 555-0107,hiro.brennan@example.com
Elena Delgado,158-19-9009,1951-07-16,"8110 Mill Ln, Columbus, OH 43250",(610) 555-0119,elena.delgado@example.com
Elena Fischer,485-72-6769,1962-12-21,"2352 Cedar St, Columbus, OH 43282",(262) 555-0174,elena.fischer@example.com
Nadia Petrov,059-15-1719,1946-10-14,"7509 Ridgeview Dr, Raleigh, NC 27649",(514) 555-0135,nadia.petrov@example.com
Leah Petrov,141-43-9874,1971-01-07,"4480 Lakeshore Blvd, Columbus, OH 43281",(986) 555-0161,leah.petrov@example.com
Amara Adeyemi,286-12-7872,1988-08-15,"2785 Lakeshore Blvd, Raleigh, NC 27676",(700) 555-0122,amara.adeyemi@example.com
Elena Whitfield,155-72-4291,1972-07-16,"8159 Elm Ct, Columbus, OH 43242",(770) 555-0106,elena.whitfield@example.com
Sofia Kowalski,493-81-7403,1984-03-20,"2426 Ridgeview Dr, Tucson, AZ 85792",(705) 555-0112,sofia.kowalski@example.com
Sofia Ramirez,602-53-4760,1976-06-23,"4360 Harbor Rd, Raleigh, NC 27655",(729) 555-0101,sofia.ramirez@example.com
Priya Brennan,646-89-5335,1971-04-19,"8129 Maple Ave, Raleigh, NC 27676",(507) 555-0125,priya.brennan@example.com
Nadia Petrov,365-24-7280,1958-04-02,"7829 Elm Ct, Austin, TX 78776",(581) 555-0125,nadia.petrov@example.com
Nadia Brennan,474-63-9752,1943-07-16,"4942 Ridgeview Dr, Tucson, AZ 85711",(915) 555-0173,nadia.brennan@example.com
Caleb Chen,609-18-2488,1982-09-08,"3869 Harbor Rd, Columbus, OH 43265",(215) 555-0198,caleb.chen@example.com
Hiro Adeyemi,195-28-9595,1947-03-09,"4593 Maple Ave, Tucson, AZ 85737",(536) 555-0149,hiro.adeyemi@example.com
Caleb Ramirez,380-66-7045,1939-08-05,"2417 Ridgeview Dr, Raleigh, NC 27635",(327) 555-0102,caleb.ramirez@example.com
Marcus Fischer,387-24-7560,1942-06-25,"1081 Elm Ct, Austin, TX 78750",(318) 555-0135,marcus.fischer@example.com
Caleb Whitfield,247-04-0176,1989-06-26,"4969 Cedar St, Tucson, AZ 85797",(865) 555-0122,caleb.whitfield@example.com
Daniel Haddad,256-47-2040,1973-12-03,"565 Cedar St, Columbus, OH 43223",(476) 555-0177,daniel.haddad@example.com
Jordan Albright,651-40-0644,1942-06-24,"9695 Harbor Rd, Columbus, OH 43252",(815) 555-0146,jordan.albright@example.com
Jordan Whitfield,111-65-6590,1940-03-15,"9813 Cedar St, Austin, TX 78730",(372) 555-0182,jordan.whitfield@example.com
Jordan Haddad,718-73-9847,1974-06-07,"716 Elm Ct, Raleigh, NC 27692",(691) 555-0182,jordan.haddad@example.com
Nadia Mensah,746-04-1854,1964-12-02,"9423 Elm Ct, Tucson, AZ 85761",(560) 555-0103,nadia.mensah@example.com
Grace Sato,141-83-2465,1989-06-20,"7833 Cedar St, Raleigh, NC 27668",(480) 555-0157,grace.sato@example.com
Nadia Whitfield,550-15-9582,1946-09-15,"2508 Elm Ct, Columbus, OH 43264",(468) 555-0109,nadia.whitfield@example.com
Tomas Okafor,272-99-5182,1962-12-28,"8778 Lakeshore Blvd, Tucson, AZ 85791",(757) 555-0168,tomas.okafor@example.com
Caleb Fischer,631-38-3668,1961-12-15,"8625 Ridgeview Dr, Austin, TX 78714",(906) 555-0106,caleb.fischer@example.com
Priya Whitfield,706-51-0320,1958-09-11,"6519 Harbor Rd, Columbus, OH 43236",(492) 555-0198,priya.whitfield@example.com
Elena Brennan,322-73-4068,1967-11-04,"1716 Elm Ct, Raleigh, NC 27660",(751) 555-0119,elena.brennan@example.com
